{"0": 1.4497481311831377, "0.1": 0.8812524580118175, "0.3": 0.03031838596756245, "0.5": 0.00962296032044577, "0.7": 0.009537736573658345, "0.9": 0.009534548600245801, "0.99": 0.009534548600245801}