{"0": {"CON": 0.0, "CRM": 0.0758635, "ENT": 0.280733, "INC": 0.0015665, "MUS": 0.068958, "NWS": 0.249915, "OPN": 0.0503735, "PFI": 0.098704, "SPT": 0.1738865}, "0.1": {"CON": 4.5e-05, "CRM": 0.099916, "ENT": 0.219974, "INC": 0.022784, "MUS": 0.1012125, "NWS": 0.190532, "OPN": 0.0933475, "PFI": 0.122342, "SPT": 0.149847}, "0.3": {"CON": 0.0598155, "CRM": 0.107762, "ENT": 0.149634, "INC": 0.096718, "MUS": 0.103199, "NWS": 0.1491865, "OPN": 0.10416, "PFI": 0.1086445, "SPT": 0.1208805}, "0.5": {"CON": 0.099508, "CRM": 0.1033025, "ENT": 0.138646, "INC": 0.099936, "MUS": 0.100215, "NWS": 0.1412605, "OPN": 0.0999775, "PFI": 0.101723, "SPT": 0.1154315}, "0.7": {"CON": 0.099978, "CRM": 0.103257, "ENT": 0.1385465, "INC": 0.099997, "MUS": 0.1000455, "NWS": 0.1411885, "OPN": 0.100006, "PFI": 0.101741, "SPT": 0.1152405}, "0.9": {"CON": 0.1, "CRM": 0.103251, "ENT": 0.138546, "INC": 0.1, "MUS": 0.100045, "NWS": 0.1411875, "OPN": 0.100006, "PFI": 0.101741, "SPT": 0.1152235}, "0.99": {"CON": 0.1, "CRM": 0.103251, "ENT": 0.138546, "INC": 0.1, "MUS": 0.100045, "NWS": 0.1411875, "OPN": 0.100006, "PFI": 0.101741, "SPT": 0.1152235}}