{"0": 0.8838709677419355, "0.1": 0.8838709677419355, "0.3": 0.832258064516129, "0.5": 0.7870967741935484, "0.7": 0.7741935483870968, "0.9": 0.7741935483870968, "0.99": 0.7741935483870968}