{"0": {"CON": 0.0, "CRM": 0.0758635, "ENT": 0.280733, "INC": 0.0015665, "MUS": 0.068958, "NWS": 0.249915, "OPN": 0.0503735, "PFI": 0.098704, "SPT": 0.1738865}, "0.1": {"CON": 0.0, "CRM": 0.107196, "ENT": 0.2225525, "INC": 4.65e-05, "MUS": 0.0833335, "NWS": 0.2687235, "OPN": 0.049815, "PFI": 0.0763335, "SPT": 0.1919995}, "0.3": {"CON": 0.0, "CRM": 0.117586, "ENT": 0.167561, "INC": 0.0, "MUS": 0.095311, "NWS": 0.266129, "OPN": 0.042507, "PFI": 0.089878, "SPT": 0.221028}, "0.5": {"CON": 0.0, "CRM": 0.1170665, "ENT": 0.147359, "INC": 0.0, "MUS": 0.099628, "NWS": 0.26798, "OPN": 0.033794, "PFI": 0.098754, "SPT": 0.2354185}, "0.7": {"CON": 0.0, "CRM": 0.13525, "ENT": 0.1199345, "INC": 0.0, "MUS": 0.099991, "NWS": 0.2813695, "OPN": 0.0176165, "PFI": 0.099955, "SPT": 0.2458835}, "0.9": {"CON": 0.0, "CRM": 0.1506165, "ENT": 0.1003975, "INC": 0.0, "MUS": 0.0999995, "NWS": 0.2589575, "OPN": 0.000152, "PFI": 0.1, "SPT": 0.289877}, "0.99": {"CON": 0.0, "CRM": 0.199991, "ENT": 0.1, "INC": 0.0, "MUS": 0.1, "NWS": 0.2000065, "OPN": 2.5e-06, "PFI": 0.1, "SPT": 0.3}}