{"0": 0.8838709677419355, "0.1": 0.9032258064516129, "0.3": 0.8580645161290322, "0.5": 0.8516129032258064, "0.7": 0.8387096774193549, "0.9": 0.8516129032258064, "0.99": 0.8193548387096774}