{"0": 0.2766315320464879, "0.1": 0.23596766669209848, "0.3": 0.24099834195188538, "0.5": 0.24104927806767656, "0.7": 0.2465280180225703, "0.9": 0.4137563958773398, "0.99": 0.5515122811083177}